M1,0.78,0.61,4.6,30.4,9.1, Topsis Score, Rank
M1,0.78,0.61,4.6,30.4,9.1, 0.16243810033811487, 3
M2,0.74,0.55,5.6,43.5,12.6, 0.31046106607746743, 7
M3,0.93,0.86,5.7,66.4,18.47, 0.7302421069003237, 8
M4,0.71,0.5,5.1,56.3,15.65, 0.48566222761168953, 4
M5,0.89,0.79,4.0,44.6,12.57, 0.34773773447574086, 6
M6,0.74,0.55,3.9,55.3,15.12, 0.44613533474670963, 5
M7,0.8,0.64,3.1,66.0,17.64, 0.6349076534593151, 2
M8,0.65,0.42,6.5,57.0,16.14, 0.5416330788644634, 1
